{
  "main": {
    "id": "fce17bbfb9e11dd8",
    "type": "split",
    "children": [
      {
        "id": "eebe1a7137de8103",
        "type": "tabs",
        "children": [
          {
            "id": "0f80e34096cadecf",
            "type": "leaf",
            "state": {
              "type": "markdown",
              "state": {
                "file": "journals/Hexadecimálna číselná sústava.md",
                "mode": "source",
                "source": false
              }
            }
          }
        ]
      }
    ],
    "direction": "vertical"
  },
  "left": {
    "id": "e75d3a6f305c9760",
    "type": "split",
    "children": [
      {
        "id": "2ef60a1052098209",
        "type": "tabs",
        "children": [
          {
            "id": "fe29ffa509677648",
            "type": "leaf",
            "state": {
              "type": "file-explorer",
              "state": {
                "sortOrder": "alphabetical"
              }
            }
          },
          {
            "id": "176f64246dba240c",
            "type": "leaf",
            "state": {
              "type": "search",
              "state": {
                "query": "",
                "matchingCase": false,
                "explainSearch": false,
                "collapseAll": false,
                "extraContext": false,
                "sortOrder": "alphabetical"
              }
            }
          },
          {
            "id": "2359bd20f364cda7",
            "type": "leaf",
            "state": {
              "type": "bookmarks",
              "state": {}
            }
          }
        ]
      }
    ],
    "direction": "horizontal",
    "width": 300
  },
  "right": {
    "id": "6715f45dde8bf08c",
    "type": "split",
    "children": [
      {
        "id": "42320a0d0cb6bd41",
        "type": "tabs",
        "children": [
          {
            "id": "934dad55da5cbd0f",
            "type": "leaf",
            "state": {
              "type": "backlink",
              "state": {
                "file": "journals/Hexadecimálna číselná sústava.md",
                "collapseAll": false,
                "extraContext": false,
                "sortOrder": "alphabetical",
                "showSearch": false,
                "searchQuery": "",
                "backlinkCollapsed": false,
                "unlinkedCollapsed": true
              }
            }
          },
          {
            "id": "ffd956c8ddc2e766",
            "type": "leaf",
            "state": {
              "type": "outgoing-link",
              "state": {
                "file": "journals/Hexadecimálna číselná sústava.md",
                "linksCollapsed": false,
                "unlinkedCollapsed": true
              }
            }
          },
          {
            "id": "e580447df9f75040",
            "type": "leaf",
            "state": {
              "type": "tag",
              "state": {
                "sortOrder": "frequency",
                "useHierarchy": true
              }
            }
          },
          {
            "id": "68616e7d97a8cb09",
            "type": "leaf",
            "state": {
              "type": "outline",
              "state": {
                "file": "journals/Hexadecimálna číselná sústava.md"
              }
            }
          }
        ]
      }
    ],
    "direction": "horizontal",
    "width": 300,
    "collapsed": true
  },
  "left-ribbon": {
    "hiddenItems": {
      "switcher:Open quick switcher": false,
      "graph:Open graph view": false,
      "canvas:Create new canvas": false,
      "daily-notes:Open today's daily note": false,
      "templates:Insert template": false,
      "command-palette:Open command palette": false
    }
  },
  "active": "fe29ffa509677648",
  "lastOpenFiles": [
    "whiteboards/654a70b0-4c50-4dc2-a23d-695fb62a23fe.edn",
    "whiteboards",
    "pages/contents.md",
    "pages",
    "journals",
    "logseq/config.edn",
    "logseq/custom.css",
    "logseq"
  ]
}